,ABC Bank,,,,,,,,,,,,,,,,,,,
,VBA Test,,,,,,,,,,,,,,,,,,,
,This header is for testing purposes,,,,,,,,,,,,,,,,,,,
,Page 1 of 4,,,,,,,,,,,,,,,,,,,
,,,,,,,,,,,,,,,,,,,,
,,,,,,,,,,,,,,,,,,,,
,,,,,,,,,,,,,,,,,,,,
,,,,,,,,,,,,,,,,,,,,
OrderID,Order Date,Order Priority,Order Quantity,Discount,Ship Mode,Invoiced,Wholesale Price,Shipping Cost,Customer Name,Province,Region,Customer Segment,Product Category,Product Sub-Category,Product Name,Product Container,Quota Margins,Ship Date,COGM,Retail Price
1,10/12/2016,Low,6,0.04,Regular Air,259.29,38.94,35,Muhammed MacIntyre,Nunavut,Nunavut,Small Business,Office Supplies,Storage & Organization,"Eldon Base for stackable storage shelf, platinum",Large Box,0.8,10/19/2016,22.59,74.88
2,2/19/2018,Not Specified,2,0.01,Regular Air,6.68,2.08,2.56,Ruben Dartt,Alberta,West,Corporate,Office Supplies,"Scissors, Rulers and Trimmers",Kleencut® Forged Office Shears by Acme United Corporation,Small Pack,0.55,2/20/2018,1.35,3.71
3,7/14/2017,High,26,0.07,Regular Air,2605.89,107.53,5.81,Liz Pelletier,Alberta,West,Corporate,Furniture,Office Furnishings,"Tenex Contemporary Contur Chairmats for Low and Medium Pile Carpet, Computer, 39"" x 49""",Medium Box,0.65,7/16/2017,46.24,215.06
4,7/14/2017,High,24,0.09,Delivery Truck,1637.54,70.89,89.3,Liz Pelletier,Alberta,West,Corporate,Furniture,Tables,KI Conference Tables,Jumbo Box,0.72,7/15/2017,30.48,141.78
5,7/14/2017,High,23,0.04,Regular Air,181.45,7.99,5.03,Liz Pelletier,Alberta,West,Corporate,Technology,Telephones and Communication,Bell Sonecor JB700 Caller ID,Medium Box,0.6,7/16/2017,4.00,15.98
6,7/14/2017,High,15,0.04,Regular Air,130.81,8.46,8.99,Liz Pelletier,Saskachewan,Prarie,Corporate,Technology,Computer Peripherals,"Imation 3.5 IBM Diskettes, 10/Box",Small Pack,0.79,7/15/2017,4.65,16.92
7,10/21/2017,Not Specified,30,0.03,Regular Air,267.35,9.11,2.25,Julie Creighton,British Columbia,West,Corporate,Office Supplies,Pens & Art Supplies,Dixon Ticonderoga Core-Lock Colored Pencils,Wrap Bag,0.52,10/22/2017,5.92,16.87
8,10/21/2017,Not Specified,14,0.01,Regular Air,2171.01,155.99,8.99,Julie Creighton,British Columbia,West,Corporate,Technology,Telephones and Communication,CF 688,Small Box,0.58,10/23/2017,78.00,311.98
9,11/1/2017,Critical,46,0.1,Regular Air,2736.19,65.99,4.2,Sample Company A,Alberta,West,Home Office,Technology,Telephones and Communication,6162i,Small Box,0.55,11/1/2017,33.00,131.98
10,3/16/2017,Critical,32,0.02,Regular Air,3633.16,115.79,1.99,Tamara Dahlen,Ontario,Ontario,Corporate,Technology,Computer Peripherals,"Verbatim DVD-R, 4.7GB, Spindle, WE, Blank, Ink Jet/Thermal, 20/Spindle",Small Pack,0.49,3/17/2017,57.90,231.58
11,1/19/2015,Low,41,0.09,Regular Air,108.15,2.88,0.7,Arthur Gainer,Alberta,West,Consumer,Office Supplies,Pens & Art Supplies,Newell 340,Wrap Bag,0.56,1/19/2015,1.58,5.76
12,6/3/2015,Not Specified,42,0.09,Regular Air,1186.06,30.93,3.92,Jonathan Doherty,Saskachewan,Prarie,Corporate,Furniture,Office Furnishings,"Advantus Employee of the Month Certificate Frame, 11 x 13-1/2",Small Pack,0.44,6/5/2015,13.30,41.24
13,6/3/2015,Not Specified,28,0.03,Express Air,46.33,1.68,0.7,Jonathan Doherty,Saskachewan,Prarie,Corporate,Office Supplies,Pens & Art Supplies,Newell 308,Wrap Bag,0.6,6/5/2015,0.92,3.36
14,12/16/2016,Low,48,0.03,Regular Air,89.18,1.86,2.58,Helen Wasserman,Quebec,Quebec,Home Office,Office Supplies,Rubber Bands,"Super Bands, 12/Pack",Wrap Bag,0.82,12/21/2016,1.21,3.58
15,12/16/2016,Low,46,0.05,Regular Air,9007.75,205.99,5.99,Helen Wasserman,Quebec,Quebec,Home Office,Technology,Telephones and Communication,3285,Small Box,0.59,12/21/2016,103.00,411.98
16,4/16/2015,High,37,0.01,Regular Air,4624.00,125.99,8.99,Keith Dawkins,Manitoba,Prarie,Home Office,Technology,Telephones and Communication,SC7868i,Small Box,0.55,4/18/2015,63.00,251.98
17,1/28/2016,Medium,26,0.03,Regular Air,73.39,2.89,0.5,Craig Yedwab,Yukon,Yukon,Consumer,Office Supplies,Labels,Avery 498,Small Box,0.38,1/29/2016,1.45,5.56
18,11/18/2018,Low,4,0.09,Regular Air,31.78,6.48,8.19,Pauline Chand,Ontario,Ontario,Corporate,Office Supplies,Paper,Xerox 217,Small Box,0.37,11/27/2018,2.92,11.57
19,5/7/2018,High,3,0.05,Express Air,444.28,150.98,13.99,Roy Collins,Saskachewan,Prarie,Corporate,Technology,Office Machines,Canon MP41DH Printing Calculator,Medium Box,0.38,5/9/2018,75.49,301.96
20,5/7/2018,High,29,0.02,Regular Air,548.16,18.97,9.03,Roy Collins,Saskachewan,Prarie,Corporate,Office Supplies,Paper,Computer Printout Paper with Letter-Trim Perforations,Small Box,0.37,5/8/2018,9.49,33.88
21,5/7/2018,High,23,0.05,Regular Air,221.61,9.71,9.45,Roy Collins,Saskachewan,Prarie,Corporate,Office Supplies,Storage & Organization,Filing/Storage Totes and Swivel Casters,Small Box,0.6,5/10/2018,6.31,17.34
22,6/9/2016,Medium,27,0.03,Regular Air,214.29,7.99,5.03,Emily Phan,Quebec,Quebec,Consumer,Technology,Telephones and Communication,Bell Sonecor JB700 Caller ID,Medium Box,0.6,6/10/2016,4.00,15.98
23,6/9/2016,Medium,30,0.05,Delivery Truck,3787.67,130.98,54.74,Emily Phan,Nova Scotia,Atlantic,Consumer,Furniture,Bookcases,"O'Sullivan Elevations Bookcase, Cherry Finish",Jumbo Box,0.69,6/12/2016,65.49,218.30
24,4/30/2018,Not Specified,11,0.01,Regular Air,1080.33,95.99,35,Michael Dominguez,Ontario,Ontario,Home Office,Office Supplies,Storage & Organization,Safco Industrial Wire Shelving,Large Box,,5/2/2018,69.11,171.41
25,10/19/2017,Not Specified,25,0.09,Regular Air,117.92,4.98,4.62,Anne Pryor,Quebec,Quebec,Consumer,Technology,Computer Peripherals,"Imation 3.5"", DISKETTE 44766 HGHLD3.52HD/FM, 10/Pack",Small Pack,0.64,10/21/2017,2.74,9.96
26,9/10/2017,High,10,0.02,Express Air,655.69,65.99,8.99,Valerie Takahito,Manitoba,Prarie,Consumer,Technology,Telephones and Communication,i270,Small Box,0.55,9/12/2017,33.00,131.98
27,8/6/2016,Critical,14,0.06,Regular Air,169.98,12.44,6.27,Justin Hirsh,Quebec,Quebec,Consumer,Office Supplies,Storage & Organization,Eldon Simplefile® Box Office®,Medium Box,0.57,8/8/2016,7.22,23.92
28,4/4/2018,Medium,49,0.1,Regular Air,329.03,7.28,7.98,Maria Zettner,Alberta,West,Corporate,Furniture,Office Furnishings,"Master Caster Door Stop, Large Neon Orange",Wrap Bag,0.42,4/6/2018,3.13,11.20
29,4/4/2018,Medium,6,0.04,Regular Air,20.01,3.14,1.92,Maria Zettner,Alberta,West,Corporate,Office Supplies,"Scissors, Rulers and Trimmers",Serrated Blade or Curved Handle Hand Letter Openers,Wrap Bag,0.84,4/6/2018,2.04,5.61
,,,,,,,,,,,,,,,,,,,,
,,,,,,,,,,,,,,,,,,,,
,,,,,,,,,,,,,,,,,,,,
,ABC Bank,,,,,,,,,,,,,,,,,,,
,VBA Test,,,,,,,,,,,,,,,,,,,
,This header is for testing purposes,,,,,,,,,,,,,,,,,,,
,Page 2 of 4,,,,,,,,,,,,,,,,,,,
,,,,,,,,,,,,,,,,,,,,
,,,,,,,,,,,,,,,,,,,,
,,,,,,,,,,,,,,,,,,,,
,Order Date,Order Priority,Order Quantity,Discount,Ship Mode,Invoiced,Wholesale Price,Shipping Cost,Customer Name,Province,Region,Customer Segment,Product Category,Product Sub-Category,Product Name,Product Container,Quota Margins,Ship Date,COGM,Retail Price
30,12/26/2016,Medium,34,0.03,Regular Air,1219.31,36.55,13.89,Brad Thomas,Yukon,Yukon,Home Office,Office Supplies,Pens & Art Supplies,"Dixon Ticonderoga Core-Lock Colored Pencils, 48-Color Set",Wrap Bag,0.41,12/28/2016,23.76,70.29
31,4/5/2017,High,23,0.01,Regular Air,298.69,12.98,3.14,Penelope Sewall,Manitoba,Prarie,Home Office,Office Supplies,"Scissors, Rulers and Trimmers","Acme® 8"" Straight Scissors",Small Pack,0.6,4/7/2017,8.44,24.04
32,6/17/2015,Not Specified,25,0.09,Regular Air,173.11,7.38,5.21,Bart Folk,Yukon,Yukon,Corporate,Furniture,Office Furnishings,"Eldon® Expressions™ Wood Desk Accessories, Oak",Small Box,0.56,6/18/2015,3.17,9.84
33,6/17/2015,Not Specified,44,0.04,Regular Air,257.75,5.98,5.15,Bart Folk,Yukon,Yukon,Corporate,Office Supplies,Paper,Xerox 193,Small Box,0.36,6/18/2015,3.89,11.96
34,6/17/2015,Not Specified,33,0.04,Regular Air,499.19,15.42,10.68,Bart Folk,Yukon,Yukon,Corporate,Office Supplies,Storage & Organization,"Decoflex Hanging Personal Folder File, Blue",Small Box,0.58,6/18/2015,10.02,30.84
35,5/23/2017,Critical,24,0.06,Regular Air,126.58,5.58,0.7,Karen Ferguson,Quebec,Quebec,Home Office,Office Supplies,Pens & Art Supplies,Newell 314,Wrap Bag,0.6,5/24/2017,3.07,10.33
36,5/23/2017,Critical,1,0.05,Regular Air,22.95,19.84,4.1,Karen Ferguson,Quebec,Quebec,Home Office,Office Supplies,Pens & Art Supplies,Prismacolor Color Pencil Set,Wrap Bag,0.44,5/25/2017,12.90,36.74
37,12/27/2016,Critical,43,0.11,Regular Air,488.71,12.64,4.98,Matt Abelman,Nova Scotia,Atlantic,Consumer,Furniture,Office Furnishings,Nu-Dell Executive Frame,Small Pack,0.48,12/29/2016,5.44,21.07
38,12/27/2016,Critical,24,0.02,Regular Air,599.10,24.92,12.98,Peter Fuller,Saskachewan,Prarie,Consumer,Office Supplies,Binders and Binder Accessories,GBC Standard Therm-A-Bind Covers,Small Box,0.39,12/28/2016,16.20,47.92
39,10/25/2016,Critical,47,0.06,Regular Air,1952.03,43.98,8.99,Erin Creighton,Ontario,Ontario,Corporate,Office Supplies,Pens & Art Supplies,Boston 1645 Deluxe Heavier-Duty Electric Pencil Sharpener,Small Pack,0.58,10/27/2016,28.59,84.58
40,10/25/2016,Critical,11,0.06,Regular Air,1310.82,125.99,8.08,Erin Creighton,Ontario,Ontario,Corporate,Technology,Telephones and Communication,StarTAC ST7762,Small Box,0.57,10/27/2016,63.00,251.98
41,9/28/2015,High,2,0.06,Regular Air,702.90,363.25,19.99,Sean Braxton,Manitoba,Prarie,Small Business,Office Supplies,Appliances,Hoover WindTunnel™ Plus Canister Vacuum,Small Box,0.57,9/30/2015,217.95,726.50
42,12/27/2016,Critical,21,0,Regular Air,144.82,6.48,8.74,Liz Willingham,Nova Scotia,Atlantic,Home Office,Office Supplies,Paper,Xerox 1984,Small Box,0.36,12/29/2016,4.21,12.46
43,12/27/2016,Critical,7,0,Delivery Truck,199.89,20.98,53.03,Liz Willingham,Nova Scotia,Atlantic,Home Office,Office Supplies,Storage & Organization,"Tennsco Lockers, Gray",Jumbo Drum,0.78,12/28/2016,13.64,40.35
44,12/27/2016,Critical,33,0.02,Regular Air,216.77,6.54,5.27,Liz Willingham,Quebec,Quebec,Home Office,Office Supplies,Binders and Binder Accessories,Wilson Jones® Four-Pocket Poly Binders,Small Box,0.36,12/29/2016,4.25,12.58
45,6/27/2016,Medium,47,0.04,Regular Air,6365.67,140.99,4.2,Sonia Sunley,British Columbia,West,Small Business,Technology,Telephones and Communication,7160,Small Box,0.59,6/28/2016,70.50,281.98
46,5/16/2015,High,25,0.09,Regular Air,130.63,5.4,7.78,Paul Lucas,Yukon,Yukon,Corporate,Office Supplies,Binders and Binder Accessories,3M Organizer Strips,Small Box,0.37,5/17/2015,3.51,10.80
47,1/5/2015,Not Specified,24,0.05,Regular Air,180.02,7.64,5.83,Dorris Love,Quebec,Quebec,Home Office,Office Supplies,Paper,"Rediform Wirebound ""Phone Memo"" Message Book, 11 x 5-3/4",Wrap Bag,0.36,1/6/2015,4.97,15.28
48,1/11/2018,High,43,0.08,Regular Air,393.03,9.9,1.39,Valerie Takahito,Saskachewan,Prarie,Consumer,Office Supplies,Envelopes,#6 3/4 Gummed Flap White Envelopes,Small Box,0.37,1/12/2018,6.44,17.68
49,10/1/2018,High,49,0.07,Delivery Truck,9553.87,208.16,68.02,Barry French,Nunavut,Nunavut,Consumer,Office Supplies,Appliances,"1.7 Cubic Foot Compact ""Cube"" Office Refrigerators",Jumbo Drum,0.58,10/2/2018,135.30,371.71
50,10/1/2018,High,27,0.01,Regular Air,235.27,8.69,2.99,Barry French,Nunavut,Nunavut,Consumer,Office Supplies,Binders and Binder Accessories,"Cardinal Slant-D® Ring Binder, Heavy Gauge Vinyl",Small Box,0.39,10/3/2018,5.65,15.52
51,7/14/2016,Medium,35,0.06,Regular Air,6375.28,193.17,19.99,Sanjit Chand,British Columbia,West,Home Office,Office Supplies,Storage & Organization,Fellowes Staxonsteel® Drawer Files,Small Box,0.71,7/15/2016,96.59,371.48
52,3/18/2018,Critical,20,0.08,Regular Air,2878.30,155.99,8.08,Giulietta Weimer,British Columbia,West,Corporate,Technology,Telephones and Communication,I888 World Phone,Small Box,0.6,3/20/2018,78.00,311.98
53,3/18/2018,Critical,46,0.1,Regular Air,278.32,6.48,10.05,Giulietta Weimer,British Columbia,West,Corporate,Office Supplies,Paper,Xerox 1997,Small Box,0.37,3/20/2018,4.21,11.57
54,3/25/2015,Critical,20,0.07,Regular Air,107.04,5.68,1.39,Dario Medina,Yukon,Yukon,Small Business,Office Supplies,Envelopes,Staples Standard Envelopes,Small Box,0.38,3/27/2015,3.69,11.36
,,,,,,,,,,,,,,,,,,,,
,,,,,,,,,,,,,,,,,,,,
,ABC Bank,,,,,,,,,,,,,,,,,,,
,VBA Test,,,,,,,,,,,,,,,,,,,
,This header is for testing purposes,,,,,,,,,,,,,,,,,,,
,Page 3 of 4,,,,,,,,,,,,,,,,,,,
,,,,,,,,,,,,,,,,,,,,
,,,,,,,,,,,,,,,,,,,,
,Order Date,Order Priority,Order Quantity,Discount,Ship Mode,Invoiced,Wholesale Price,Shipping Cost,Customer Name,Province,Region,Customer Segment,Product Category,Product Sub-Category,Product Name,Product Container,Quota Margins,Ship Date,COGM,Retail Price
55,3/25/2015,Critical,2,0.06,Regular Air,54.48,22.84,11.54,Dario Medina,Yukon,Yukon,Small Business,Office Supplies,Paper,Xerox 1964,Small Box,0.39,3/27/2015,14.85,45.68
56,3/19/2018,Critical,25,0.02,Regular Air,4423.75,179.99,13.99,Frank Gastineau,Saskachewan,Prarie,Small Business,Technology,Telephones and Communication,VTech VT20-2481 2.4GHz Two-Line Phone System w/Answering Machine,Medium Box,0.57,3/21/2018,90.00,359.98
57,10/15/2016,Low,9,0.06,Regular Air,985.51,115.99,4.23,Craig Yedwab,Nova Scotia,Atlantic,Corporate,Technology,Telephones and Communication,282,Small Box,0.56,10/19/2016,58.00,231.98
58,6/2/2017,High,34,0.03,Regular Air,202.47,5.99,4.92,Michelle Tran,Quebec,Quebec,Consumer,Office Supplies,Binders and Binder Accessories,"DXL™ Angle-View Binders with Locking Rings, Black",Small Box,0.38,6/3/2017,3.89,11.09
59,6/2/2017,High,17,0.05,Regular Air,97.20,5.81,3.37,Michelle Tran,Quebec,Quebec,Consumer,Office Supplies,Rubber Bands,"Advantus Push Pins, Aluminum Head",Wrap Bag,0.54,6/3/2017,3.78,10.76
60,12/29/2016,Low,21,0.02,Regular Air,46.48,2.21,1,Dean Percer,Yukon,Yukon,Home Office,Office Supplies,Pens & Art Supplies,"Quartet Alpha® White Chalk, 12/Pack",Wrap Bag,0.38,3/31/2017,1.44,4.25
61,6/13/2015,Low,16,0,Regular Air,1376.83,85.99,0.99,Henry MacAllister,Ontario,Ontario,Small Business,Technology,Telephones and Communication,Accessory4,Wrap Bag,0.85,6/18/2015,43.00,171.98
62,9/18/2016,High,33,0.02,Delivery Truck,1625.19,48.58,54.11,Ricardo Block,Alberta,West,Corporate,Furniture,Bookcases,O'Sullivan 2-Shelf Heavy-Duty Bookcases,Jumbo Box,0.69,9/20/2016,24.29,80.97
63,9/18/2016,High,33,0.07,Regular Air,1213.63,39.48,1.99,Ricardo Block,Alberta,West,Corporate,Technology,Computer Peripherals,"80 Minute CD-R Spindle, 100/Pack - Staples",Small Pack,0.54,9/18/2016,19.74,78.96
64,12/18/2015,Medium,30,0.08,Delivery Truck,3487.86,124.49,51.94,Cari Sayre,Alberta,West,Corporate,Furniture,Tables,Bevis 36 x 72 Conference Tables,Jumbo Box,0.63,12/19/2015,53.53,165.99
65,3/2/2018,Low,50,0.02,Delivery Truck,7236.65,146.05,80.2,Sonia Cooley,Alberta,West,Corporate,Furniture,Tables,BPI Conference Tables,Jumbo Box,0.71,3/9/2018,62.80,224.69
66,1/23/2017,High,4,0.02,Regular Air,14.96,3.69,0.5,Tracy Poddar,Ontario,Ontario,Corporate,Office Supplies,Labels,Avery 501,Small Box,0.38,1/25/2017,2.21,6.83
67,1/23/2017,High,4,0.09,Regular Air,14.71,3.85,0.7,Tracy Poddar,Ontario,Ontario,Corporate,Office Supplies,Pens & Art Supplies,Avery Hi-Liter Pen Style Six-Color Fluorescent Set,Wrap Bag,0.44,1/25/2017,2.50,7.13
68,12/15/2018,Not Specified,46,0.06,Regular Air,512.87,11.7,6.96,Jennifer Halladay,Ontario,Ontario,Home Office,Office Supplies,Appliances,Harmony HEPA Quiet Air Purifiers,Medium Box,0.5,12/18/2018,7.61,20.89
69,9/25/2016,Low,20,0.01,Express Air,1314.29,65.99,7.69,Stuart Calhoun,Ontario,Ontario,Consumer,Technology,Telephones and Communication,5190,Small Box,0.59,9/30/2016,33.00,131.98
70,2/5/2015,Medium,39,0.07,Delivery Truck,18198.68,500.98,28.14,Robert Barroso,Yukon,Yukon,Small Business,Technology,Office Machines,"Hewlett-Packard cp1700 [D, PS] Series Color Inkjet Printers",Jumbo Drum,0.38,2/6/2015,250.49,1001.96
71,2/5/2015,Medium,3,0.1,Regular Air,501.86,178.47,19.99,Robert Barroso,Yukon,Yukon,Small Business,Office Supplies,Storage & Organization,"Hot File® 7-Pocket, Floor Stand",Small Box,0.55,2/7/2015,116.01,356.94
72,10/29/2017,Not Specified,8,0.09,Regular Air,41.11,4.98,4.86,Tony Sayre,Alberta,West,Small Business,Office Supplies,Paper,Xerox 190,Small Box,0.38,10/29/2017,3.24,9.22
73,10/29/2017,Not Specified,6,0.03,Regular Air,39.01,5.78,5.37,Tony Sayre,Alberta,West,Small Business,Office Supplies,Paper,Xerox 1950,Small Box,0.36,10/31/2017,3.76,10.70
74,8/19/2017,Medium,22,0.09,Regular Air,1341.11,65.99,19.99,Brad Thomas,Yukon,Yukon,Corporate,Technology,Telephones and Communication,iDENi80s,Small Box,0.59,8/21/2017,33.00,131.98
75,7/18/2017,High,45,0.02,Regular Air,330.67,7.38,5.21,Candace McMahon,Ontario,Ontario,Corporate,Furniture,Office Furnishings,"Eldon® Expressions™ Wood Desk Accessories, Oak",Small Box,0.56,7/20/2017,3.17,9.84
76,3/3/2017,Not Specified,29,0.05,Express Air,961.67,34.58,8.99,Matt Collins,British Columbia,West,Consumer,Office Supplies,Pens & Art Supplies,Panasonic KP-350BK Electric Pencil Sharpener with Auto Stop,Small Pack,0.56,3/4/2017,24.21,64.04
77,3/3/2017,Not Specified,35,0.05,Regular Air,533.28,15.7,11.25,Matt Collins,British Columbia,West,Consumer,Office Supplies,Storage & Organization,Hanging Personal Folder File,Small Box,0.6,3/5/2017,10.21,29.07
78,12/25/2017,Low,42,0.09,Regular Air,234.20,6.08,1.82,Darrin Martin,Ontario,Ontario,Small Business,Office Supplies,Rubber Bands,Staples Bulk Pack Metal Binder Clips,Wrap Bag,0.35,12/27/2017,3.95,11.26
79,10/7/2018,High,44,0.01,Regular Air,5057.78,115.99,5.26,Art Foster,British Columbia,West,Home Office,Technology,Telephones and Communication,636,Small Box,0.57,10/9/2018,58.00,231.98
80,12/6/2017,High,99,0.08,Regular Air,199.98,195.99,3.99,Kyle Rands,Ontario,Ontario,Corporate,Technology,Telephones and Communication,R380,Small Box,0.58,12/8/2017,98.00,391.98
81,8/17/2018,Critical,19,0.07,Regular Air,196.93,10.89,4.5,Valerie Dominguez,Manitoba,Prarie,Corporate,Office Supplies,Appliances,Belkin 6 Outlet Metallic Surge Strip,Small Box,0.59,8/18/2018,8.17,19.45
82,5/18/2017,Low,6,0.06,Regular Air,1248.03,218.08,18.06,Sam Craven,Saskachewan,Prarie,Home Office,Furniture,Chairs & Chairmats,"Lifetime Advantage™ Folding Chairs, 4/Carton",Large Box,0.57,5/18/2017,93.77,436.16
83,5/18/2017,Low,48,0.01,Express Air,743.44,15.42,10.68,Sam Craven,Saskachewan,Prarie,Home Office,Office Supplies,Storage & Organization,"Decoflex Hanging Personal Folder File, Blue",Small Box,0.58,5/20/2017,10.02,30.84
84,4/29/2017,High,33,0,Delivery Truck,5039.57,150.89,60.2,Arthur Prichep,Ontario,Ontario,Home Office,Furniture,Chairs & Chairmats,"Global Leather & Oak Executive Chair, Burgundy",Jumbo Drum,0.77,4/29/2017,64.88,301.78
85,8/27/2016,Not Specified,19,0.08,Regular Air,386.65,21.78,5.94,Carlos Soltero,Nunavut,Nunavut,Consumer,Office Supplies,Appliances,Holmes HEPA Air Purifier,Medium Box,0.5,8/29/2016,14.16,41.88
86,8/27/2016,Not Specified,21,0.05,Regular Air,137.42,6.64,4.95,Carlos Soltero,Nunavut,Nunavut,Consumer,Furniture,Office Furnishings,G.E. Longer-Life Indoor Recessed Floodlight Bulbs,Small Pack,0.37,8/29/2016,2.86,11.07
87,9/20/2015,Critical,41,0.04,Regular Air,122.22,3.08,0.99,Sung Chung,Saskachewan,Prarie,Home Office,Office Supplies,Labels,Avery 481,Small Box,0.37,9/21/2015,1.54,6.16
88,9/20/2015,Critical,29,0.02,Regular Air,190.06,6.48,5.9,Sung Chung,Saskachewan,Prarie,Home Office,Office Supplies,Paper,Xerox 1976,Small Box,0.37,9/21/2015,4.21,12.96
89,9/20/2015,Critical,26,0.04,Regular Air,3148.91,125.99,4.2,Sung Chung,Saskachewan,Prarie,Home Office,Technology,Telephones and Communication,V3682,Small Box,0.59,9/22/2015,63.00,251.98
90,7/12/2018,Critical,13,0.03,Regular Air,70.24,4.98,7.44,Ken Brennan,Ontario,Ontario,Consumer,Office Supplies,Paper,Xerox 1922,Small Box,0.36,7/13/2018,3.24,8.89
91,7/12/2018,Critical,5,0.05,Regular Air,39.52,6.48,8.74,Ken Brennan,Ontario,Ontario,Consumer,Office Supplies,Paper,Xerox 1984,Small Box,0.36,7/13/2018,4.21,12.46
92,7/12/2018,Critical,30,0.05,Express Air,1144.79,38.94,35,Ken Brennan,Ontario,Ontario,Consumer,Office Supplies,Storage & Organization,"Eldon Base for stackable storage shelf, platinum",Large Box,0.8,7/12/2018,22.59,74.88
93,7/31/2017,Critical,38,0.02,Express Air,254.17,6.68,5.41,Joe Elijah,Manitoba,Prarie,Home Office,Office Supplies,Paper,Xerox 195,Small Box,0.37,8/2/2017,4.34,12.37
94,1/26/2016,Critical,47,0.04,Regular Air,808.09,17.7,9.47,Arthur Prichep,Ontario,Ontario,Home Office,Office Supplies,Storage & Organization,Portfile® Personal File Boxes,Small Box,0.59,1/28/2016,11.51,34.04
95,10/20/2018,Medium,50,0.1,Regular Air,243.86,5.28,6.26,Sheri Gordon,Manitoba,Prarie,Corporate,Office Supplies,Paper,Xerox 1928,Small Box,0.4,10/22/2018,3.43,9.43
96,10/20/2018,Medium,43,0.01,Regular Air,2811.69,65.99,2.5,Sheri Gordon,Manitoba,Prarie,Corporate,Technology,Telephones and Communication,6190,Small Box,0.55,10/22/2018,33.00,131.98
97,6/16/2017,High,12,0.03,Regular Air,92.69,7.3,7.72,Carl Jackson,Nunavut,Nunavut,Corporate,Office Supplies,Binders and Binder Accessories,"Angle-D Binders with Locking Rings, Label Holders",Small Box,0.38,6/16/2017,4.75,13.52
98,6/16/2017,High,22,0.09,Regular Air,862.28,42.76,6.22,Carl Jackson,Nunavut,Nunavut,Corporate,Office Supplies,Storage & Organization,"SAFCO Mobile Desk Side File, Wire Frame",Small Box,,6/17/2017,30.79,79.19
99,11/30/2018,High,41,0,Regular Air,592.94,14.34,5,Dave Hallsten,Quebec,Quebec,Corporate,Furniture,Office Furnishings,Nu-Dell Leatherette Frames,Small Pack,0.49,12/2/2018,6.17,22.06
100,11/30/2018,High,24,0.07,Delivery Truck,3149.32,138.75,52.42,Dave Hallsten,Quebec,Quebec,Corporate,Furniture,Tables,Balt Split Level Computer Training Table,Jumbo Box,0.74,12/1/2018,69.38,213.46
101,1/22/2016,High,39,0.02,Delivery Truck,4682.50,120.98,58.64,Tamara Chand,Ontario,Ontario,Consumer,Furniture,Bookcases,O'Sullivan Living Dimensions 2-Shelf Bookcases,Jumbo Box,0.75,1/23/2016,60.49,201.63
102,1/22/2016,High,24,0.01,Regular Air,460.27,18.97,9.54,Tamara Chand,Ontario,Ontario,Consumer,Office Supplies,Paper,Xerox 1939,Small Box,0.37,1/23/2016,12.33,36.48
103,3/23/2017,High,21,0.07,Express Air,2732.87,138.14,35,Monica Federle,Nunavut,Nunavut,Corporate,Office Supplies,Storage & Organization,"SAFCO Commercial Wire Shelving, Black",Large Box,,3/24/2017,99.46,255.81
104,4/30/2018,Critical,5,0.01,Delivery Truck,1647.80,320.98,58.95,Bill Eplett,Quebec,Quebec,Corporate,Furniture,Chairs & Chairmats,Hon 4070 Series Pagoda™ Round Back Stacking Chairs,Jumbo Drum,0.57,5/1/2018,138.02,493.82
105,12/2/2015,High,42,0.05,Regular Air,521.69,12.95,4.98,Harold Engle,Prince Edward Island,Atlantic,Consumer,Office Supplies,Binders and Binder Accessories,GBC Binding covers,Small Box,0.4,12/4/2015,8.42,25.90
106,11/21/2015,High,18,0.01,Regular Air,169.88,9.31,3.98,Duane Huffman,Ontario,Ontario,Small Business,Office Supplies,"Scissors, Rulers and Trimmers",Acme® Forged Steel Scissors with Black Enamel Handles,Small Pack,0.56,11/22/2015,6.05,18.62
107,2/26/2016,Low,44,0.07,Regular Air,212.11,4.98,8.33,Dorothy Badders,Nunavut,Nunavut,Home Office,Office Supplies,Paper,Xerox 198,Small Box,0.38,2/26/2016,3.24,9.58
108,9/7/2017,Critical,42,0.05,Regular Air,70.92,1.76,0.7,Sarah Jordon,Nova Scotia,Atlantic,Consumer,Office Supplies,Pens & Art Supplies,Newell 326,Wrap Bag,0.56,9/9/2017,0.97,3.26
109,1/1/2016,Low,42,0.01,Regular Air,154.33,3.58,5.47,Susan MacKendrick,Manitoba,Prarie,Corporate,Office Supplies,Binders and Binder Accessories,Avery Poly Binder Pockets,Small Box,0.37,1/5/2016,1.79,6.88
110,1/1/2016,Low,11,0.09,Regular Air,422.27,41.32,8.66,Susan MacKendrick,Manitoba,Prarie,Corporate,Furniture,Office Furnishings,"Deflect-o EconoMat Studded, No Bevel Mat for Low Pile Carpeting",Medium Box,0.76,1/3/2016,17.77,68.87
111,1/1/2016,Low,29,0.02,Delivery Truck,4151.54,145.45,17.85,Susan MacKendrick,Manitoba,Prarie,Corporate,Technology,Office Machines,Panasonic KX-P1150 Dot Matrix Printer,Jumbo Drum,0.56,1/5/2016,72.73,290.90
112,2/29/2016,Not Specified,7,0.04,Regular Air,548.69,80.98,4.5,Caroline Jumper,Quebec,Quebec,Corporate,Office Supplies,Appliances,Belkin 8 Outlet SurgeMaster II Gold Surge Protector with Phone Protection,Small Box,0.59,3/2/2016,60.74,155.73
113,2/29/2016,Not Specified,31,0.08,Regular Air,189.95,6.48,5.14,Caroline Jumper,Quebec,Quebec,Corporate,Office Supplies,Paper,Xerox 23,Small Box,0.37,3/1/2016,2.92,12.46
114,7/14/2017,Medium,6,0.09,Regular Air,27.68,4.98,0.49,Thomas Boland,Ontario,Ontario,Corporate,Office Supplies,Labels,Avery White Multi-Purpose Labels,Small Box,0.39,7/14/2017,2.99,9.22
115,5/31/2016,Medium,37,0.02,Delivery Truck,4261.94,115.99,56.14,Roy French,Prince Edward Island,Atlantic,Consumer,Technology,Office Machines,Hewlett-Packard Deskjet 5550 Color Inkjet Printer,Jumbo Drum,0.4,6/1/2016,58.00,231.98
116,6/15/2017,Critical,18,0.08,Regular Air,87.19,4.98,4.72,Darrin Van Huff,Saskachewan,Prarie,Home Office,Office Supplies,Paper,Xerox 1949,Small Box,0.36,6/16/2017,3.24,9.22
117,4/15/2016,High,35,0.08,Regular Air,572.31,17.52,8.17,Pamela Stobb,Quebec,Quebec,Consumer,Office Supplies,Appliances,Bionaire 99.97% HEPA Air Cleaner,Medium Box,0.5,4/17/2016,11.39,33.69
118,4/15/2016,High,25,0.1,Regular Air,224.14,9.9,1.39,Pamela Stobb,Quebec,Quebec,Consumer,Office Supplies,Envelopes,#6 3/4 Gummed Flap White Envelopes,Small Box,0.37,4/17/2016,6.44,17.68
119,9/24/2016,Medium,38,0.06,Regular Air,2366.15,65.99,8.99,Helen Abelman,Prince Edward Island,Atlantic,Home Office,Technology,Telephones and Communication,Talkabout T8367,Small Box,0.56,9/25/2016,33.00,131.98
120,12/2/2017,Critical,17,0.03,Regular Air,122.88,4.48,49,Sibella Parks,Alberta,West,Small Business,Office Supplies,Appliances,Hoover Portapower™ Portable Vacuum,Large Box,0.6,12/4/2017,2.69,8.30
121,3/16/2017,Critical,35,0.1,Regular Air,40.39,1.26,0.7,Peter McVee,Nova Scotia,Atlantic,Small Business,Office Supplies,Rubber Bands,RANDS Bagged Rubber Bands,Wrap Bag,0.81,3/17/2017,0.38,2.33
122,3/16/2017,Critical,8,0.1,Regular Air,31.87,4.26,1.2,Peter McVee,Nova Scotia,Atlantic,Small Business,Office Supplies,Pens & Art Supplies,"Dixon Prang® Watercolor Pencils, 10-Color Set with Brush",Wrap Bag,0.44,3/18/2017,2.77,7.89
123,2/16/2018,Critical,20,0.03,Regular Air,56.66,2.74,3.5,Thais Sissman,Manitoba,Prarie,Corporate,Office Supplies,Pens & Art Supplies,Rogers Handheld Barrel Pencil Sharpener,Small Pack,0.58,2/19/2018,1.78,4.89
124,1/3/2017,Critical,33,0.08,Regular Air,360.84,11.7,5.63,Kean Nguyen,Ontario,Ontario,Corporate,Office Supplies,Binders and Binder Accessories,Fellowes Binding Cases,Small Box,0.4,1/5/2017,7.61,21.67
125,1/3/2017,Critical,2,0.09,Regular Air,38.50,15.99,9.4,Kean Nguyen,Ontario,Ontario,Corporate,Technology,Office Machines,"AT&T Black Trimline Phone, Model 210",Small Box,0.49,1/3/2017,8.00,31.98
126,7/3/2017,Not Specified,39,0.02,Regular Air,195.66,4.97,5.71,Toby Swindell,Saskachewan,Prarie,Small Business,Furniture,Office Furnishings,"DAX Value U-Channel Document Frames, Easel Back",Medium Box,0.54,7/5/2017,2.14,9.94
127,11/22/2016,Medium,45,0.01,Regular Air,196.85,4.28,6.18,Neola Schneider,Nunavut,Nunavut,Home Office,Office Supplies,Paper,Xerox 1980,Small Box,0.4,11/23/2016,2.78,8.23
128,11/22/2016,Medium,32,0.04,Regular Air,123.34,3.95,2,Neola Schneider,Nunavut,Nunavut,Home Office,Office Supplies,Rubber Bands,Advantus Map Pennant Flags and Round Head Tacks,Wrap Bag,0.53,11/23/2016,2.57,7.60
129,4/18/2018,Low,7,0.02,Regular Air,50.35,6.48,5.9,Alice McCarthy,Alberta,West,Corporate,Office Supplies,Paper,Xerox 1976,Small Box,0.37,4/22/2018,4.21,12.96
130,2/12/2015,Medium,1,0.03,Regular Air,19.32,12.53,7.17,Olvera Toch,Ontario,Ontario,Home Office,Office Supplies,Binders and Binder Accessories,GBC ProClick Spines for 32-Hole Punch,Small Box,0.38,2/13/2015,8.14,25.06
131,5/22/2015,Medium,15,0.01,Delivery Truck,1778.59,115.99,56.14,Eugene Moren,British Columbia,West,Home Office,Technology,Office Machines,Hewlett-Packard Deskjet 5550 Color Inkjet Printer,Jumbo Drum,0.4,5/23/2015,58.00,231.98
132,10/6/2017,Not Specified,18,0.02,Regular Air,119.45,6.48,5.14,Duane Huffman,Ontario,Ontario,Small Business,Office Supplies,Paper,Xerox 23,Small Box,0.37,10/7/2017,2.92,12.46
133,6/14/2015,Not Specified,11,0.01,Regular Air,64.43,5.84,0.83,Sean O'Donnell,Ontario,Ontario,Corporate,Office Supplies,Pens & Art Supplies,Avery Hi-Liter® Smear-Safe Highlighters,Wrap Bag,0.49,6/16/2015,3.80,11.68
134,6/8/2018,Not Specified,32,0,Regular Air,702.90,21.78,5.94,Carlos Daly,Nunavut,Nunavut,Home Office,Office Supplies,Appliances,Holmes HEPA Air Purifier,Medium Box,0.5,6/9/2018,14.16,41.88
135,6/8/2018,Not Specified,31,0.04,Regular Air,1431.49,47.98,3.61,Carlos Daly,Nunavut,Nunavut,Home Office,Technology,Computer Peripherals,"DS/HD IBM Formatted Diskettes, 200/Pack - Staples",Small Pack,0.71,6/10/2018,23.99,95.96
136,6/18/2016,Not Specified,23,0.04,Regular Air,1570.52,70.97,3.5,Valerie Dominguez,Manitoba,Prarie,Corporate,Office Supplies,Appliances,Tripp Lite Isotel 8 Ultra 8 Outlet Metal Surge,Small Box,0.59,6/18/2016,46.13,136.48
137,11/13/2017,Low,17,0.06,Regular Air,104.94,6.24,5.22,David Kendrick,Yukon,Yukon,Home Office,Furniture,Office Furnishings,Eldon Expressions Mahogany Wood Desk Collection,Small Box,0.6,11/13/2017,2.68,12.48
138,3/7/2016,Critical,50,0.01,Regular Air,1246.52,24.92,12.98,Edward Nazzal,Ontario,Ontario,Home Office,Office Supplies,Binders and Binder Accessories,GBC Standard Therm-A-Bind Covers,Small Box,0.39,3/7/2016,16.20,47.92
139,6/1/2016,High,40,0.03,Regular Air,626.52,15.98,6.5,Sanjit Jacobs,Quebec,Quebec,Consumer,Technology,Computer Peripherals,Logitech Access Keyboard,Small Box,0.48,6/3/2016,7.99,31.96
140,6/1/2016,High,26,0.04,Delivery Truck,7446.77,296.18,54.12,Sanjit Jacobs,Quebec,Quebec,Consumer,Furniture,Tables,Hon 94000 Series Round Tables,Jumbo Box,0.76,6/1/2016,103.66,493.63
141,9/30/2015,Not Specified,29,0.07,Regular Air,1108.22,40.98,2.99,Karen Carlisle,Nova Scotia,Atlantic,Home Office,Office Supplies,Binders and Binder Accessories,"Avery Trapezoid Ring Binder, 3"" Capacity, Black, 1040 sheets",Small Box,0.36,10/1/2015,20.49,81.96
,,,,,,,,,,,,,,,,,,,,
,ABC Bank,,,,,,,,,,,,,,,,,,,
,VBA Test,,,,,,,,,,,,,,,,,,,
,This header is for testing purposes,,,,,,,,,,,,,,,,,,,
,Page 4 of 4,,,,,,,,,,,,,,,,,,,
,,,,,,,,,,,,,,,,,,,,
,,,,,,,,,,,,,,,,,,,,
,Order Date,Order Priority,Order Quantity,Discount,Ship Mode,Invoiced,Wholesale Price,Shipping Cost,Customer Name,Province,Region,Customer Segment,Product Category,Product Sub-Category,Product Name,Product Container,Quota Margins,Ship Date,COGM,Retail Price
142,7/26/2015,Not Specified,10,0.09,Regular Air,1889.06,207.48,0.99,Meg O'Connel,Manitoba,Prarie,Corporate,Office Supplies,Appliances,Kensington 7 Outlet MasterPiece Power Center with Fax/Phone Line Protection,Small Box,0.55,7/29/2015,134.86,414.96
143,2/28/2017,Low,21,0.06,Express Air,1188.00,59.98,3.99,Anthony O'Donnell,British Columbia,West,Consumer,Office Supplies,Appliances,Belkin 8 Outlet SurgeMaster II Gold Surge Protector,Small Box,0.57,3/5/2017,44.99,111.07
144,2/28/2017,Low,26,0.02,Express Air,378.90,14.58,7.4,Anthony O'Donnell,British Columbia,West,Consumer,Furniture,Office Furnishings,DAX Clear Channel Poster Frame,Small Box,0.48,3/2/2017,6.27,29.16
145,10/1/2018,High,21,0.04,Regular Air,227.66,10.97,6.5,Luke Foster,Yukon,Yukon,Corporate,Technology,Computer Peripherals,Micro Innovations 104 Keyboard,Small Box,0.64,10/4/2018,5.49,21.94
146,10/1/2018,High,39,0.04,Regular Air,80.44,2.08,2.56,Luke Foster,Yukon,Yukon,Corporate,Office Supplies,"Scissors, Rulers and Trimmers",Kleencut® Forged Office Shears by Acme United Corporation,Small Pack,0.55,10/3/2018,1.35,3.71
147,12/16/2015,Critical,22,0.03,Express Air,940.43,41.32,58.66,Phillina Ober,New Brunswick,Atlantic,Small Business,Furniture,Office Furnishings,"Deflect-o EconoMat Studded, No Bevel Mat for Low Pile Carpeting",Medium Box,0.76,12/17/2015,17.77,68.87
148,12/16/2015,Critical,11,0,Regular Air,77.68,6.88,2,Phillina Ober,New Brunswick,Atlantic,Small Business,Office Supplies,Paper,"Adams Phone Message Book, 200 Message Capacity, 8 1/16” x 11”",Wrap Bag,0.39,12/16/2015,4.47,13.76
149,8/4/2018,Not Specified,15,0.02,Regular Air,80.61,5.28,2.99,Claudia Miner,Nunavut,Nunavut,Small Business,Office Supplies,Binders and Binder Accessories,"Wilson Jones 1"" Hanging DublLock® Ring Binders",Small Box,0.37,8/4/2018,3.43,9.43
150,9/20/2015,Medium,46,0.07,Regular Air,594.22,13.73,6.85,Jim Kriz,Ontario,Ontario,Consumer,Furniture,Office Furnishings,DAX Wood Document Frame.,Wrap Bag,0.54,9/21/2015,5.90,18.31
151,5/5/2015,Low,33,0.06,Regular Air,3835.14,122.99,19.99,Mike Vittorini,British Columbia,West,Small Business,Office Supplies,Binders and Binder Accessories,GBC Therma-A-Bind 250T Electric Binding System,Small Box,0.37,5/7/2015,79.94,245.98
152,5/5/2015,Low,47,0.08,Delivery Truck,3035.34,68.81,60,Mike Vittorini,British Columbia,West,Small Business,Office Supplies,Appliances,"Holmes Replacement Filter for HEPA Air Cleaner, Very Large Room, HEPA Filter",Jumbo Drum,0.41,5/7/2015,44.73,137.62
153,5/18/2017,Medium,50,0.02,Regular Air,294.51,5.98,1.49,Stefania Perrino,Quebec,Quebec,Corporate,Office Supplies,Binders and Binder Accessories,Avery Hanging File Binders,Small Box,0.39,5/20/2017,2.99,11.07
154,5/18/2017,Medium,4,0.02,Regular Air,40.02,9.93,1.09,Stefania Perrino,Nova Scotia,Atlantic,Corporate,Office Supplies,Pens & Art Supplies,Peel-Off® China Markers,Wrap Bag,0.43,5/20/2017,6.45,18.39
155,5/13/2017,Low,42,0.07,Delivery Truck,11010.75,280.98,35.67,Jas O'Carroll,Ontario,Ontario,Corporate,Furniture,Tables,Global Adaptabilities™ Conference Tables,Jumbo Box,0.66,5/20/2017,120.82,561.96
156,6/20/2018,Medium,6,0.03,Regular Air,88.93,13.99,7.51,Maureen Gastineau,Yukon,Yukon,Consumer,Technology,Office Machines,Sharp EL500L Fraction Calculator,Medium Box,0.39,6/22/2018,7.00,27.98
157,6/20/2018,Medium,42,0.01,Regular Air,1572.13,37.74,2.9,Maureen Gastineau,Yukon,Yukon,Consumer,Office Supplies,Pens & Art Supplies,Panasonic KP-150 Electric Pencil Sharpener,Small Pack,0.59,6/21/2018,26.42,67.39
158,6/20/2018,Medium,48,0.01,Delivery Truck,10845.66,227.55,32.48,Maureen Gastineau,Yukon,Yukon,Consumer,Furniture,Tables,Hon Rectangular Conference Tables,Jumbo Box,0.68,6/23/2018,79.64,350.08
159,4/19/2015,Low,38,0.06,Regular Air,129.51,3.58,1.63,Kelly Lampkin,Ontario,Ontario,Corporate,Office Supplies,Rubber Bands,"OIC Colored Binder Clips, Assorted Sizes",Wrap Bag,0.36,4/23/2015,2.33,7.16
160,5/29/2017,Medium,46,0.03,Regular Air,1782.93,39.89,3.04,Neola Schneider,Nunavut,Nunavut,Home Office,Furniture,Office Furnishings,Ultra Commercial Grade Dual Valve Door Closer,Wrap Bag,0.53,5/30/2017,17.15,79.78
161,11/25/2015,Not Specified,16,0.07,Regular Air,235.60,15.74,1.39,Allen Rosenblatt,Nunavut,Nunavut,Small Business,Office Supplies,Envelopes,"#10-4 1/8"" x 9 1/2"" Premium Diagonal Seam Envelopes",Small Box,0.4,11/26/2015,10.23,31.48
162,9/3/2016,Low,6,0.08,Regular Air,546.76,95.43,19.99,Max Jones,Ontario,Ontario,Home Office,Office Supplies,Storage & Organization,Fellowes Stor/Drawer® Steel Plus™ Storage Drawers,Small Box,0.79,9/10/2016,47.72,183.52
163,6/2/2018,Medium,19,0.04,Delivery Truck,1341.42,70.98,46.74,Hallie Redmond,Alberta,West,Home Office,Furniture,Bookcases,"Hon Metal Bookcases, Putty",Jumbo Box,0.56,6/4/2018,30.52,109.20
164,1/5/2015,High,6,0.03,Regular Air,167.74,28.48,1.99,Matt Collins,British Columbia,West,Consumer,Technology,Computer Peripherals,"Memorex 4.7GB DVD+RW, 3/Pack",Small Pack,0.4,1/6/2015,7.12,56.96
165,1/5/2015,High,11,0.01,Regular Air,2249.22,205.99,5.99,Matt Collins,British Columbia,West,Consumer,Technology,Telephones and Communication,3285,Small Box,0.59,1/7/2015,103.00,411.98
166,8/31/2015,Medium,34,0,Regular Air,221.77,6.37,5.19,Sanjit Jacobs,Quebec,Quebec,Consumer,Office Supplies,Binders and Binder Accessories,"C-Line Peel & Stick Add-On Filing Pockets, 8-3/4 x 5-1/8, 10/Pack",Small Box,0.38,9/2/2015,4.14,12.74
167,2/18/2018,Critical,41,0.09,Regular Air,319.26,8.46,3.62,Anthony Witt,Ontario,Ontario,Corporate,Technology,Computer Peripherals,"Imation 3.5"", RTS 247544 3M 3.5 DSDD, 10/Pack",Small Pack,0.61,2/20/2018,4.65,16.92
168,4/24/2016,Medium,3,0.07,Regular Air,555.80,195.99,8.99,Jim Epp,New Brunswick,Atlantic,Small Business,Technology,Telephones and Communication,T28 WORLD,Small Box,0.6,4/25/2016,98.00,391.98
169,2/26/2015,Critical,22,0.02,Regular Air,118.12,5.34,2.99,Sean O'Donnell,Ontario,Ontario,Corporate,Office Supplies,Binders and Binder Accessories,Wilson Jones 14 Line Acrylic Coated Pressboard Data Binders,Small Box,0.38,2/28/2015,3.47,10.68
170,2/26/2015,Critical,24,0.03,Regular Air,961.48,40.98,7.47,Sean O'Donnell,Ontario,Ontario,Corporate,Office Supplies,Binders and Binder Accessories,"Wilson Jones Ledger-Size, Piano-Hinge Binder, 2"", Blue",Small Box,0.37,2/27/2015,26.64,81.96
171,2/20/2016,Medium,30,0,Regular Air,1133.99,37.7,2.99,Harold Dahlen,Alberta,West,Corporate,Office Supplies,Binders and Binder Accessories,Vinyl Sectional Post Binders,Small Box,0.35,2/22/2016,24.51,72.50
172,5/20/2018,Low,13,0.1,Regular Air,251.85,20.97,6.5,Muhammed Yedwab,New Brunswick,Atlantic,Consumer,Technology,Computer Peripherals,Microsoft Internet Keyboard,Small Box,0.78,5/27/2018,10.49,41.94
173,8/20/2017,Medium,28,0.07,Regular Air,134.40,4.98,4.72,Ed Braxton,Yukon,Yukon,Consumer,Office Supplies,Paper,Xerox 1949,Small Box,0.36,8/22/2017,3.24,9.22
174,9/17/2017,Not Specified,48,0.01,Regular Air,5287.76,110.98,13.99,Stuart Calhoun,Ontario,Ontario,Consumer,Furniture,Office Furnishings,"Rubbermaid ClusterMat Chairmats, Mat Size- 66"" x 60"", Lip 20"" x 11"" -90 Degree Angle",Medium Box,0.69,9/18/2017,47.72,221.96
175,2/13/2018,Critical,44,0.04,Delivery Truck,4291.62,100.98,26.22,Sylvia Foulston,Nunavut,Nunavut,Home Office,Furniture,Bookcases,Hon 4-Shelf Metal Bookcases,Jumbo Box,0.6,2/15/2018,43.42,155.35
176,2/13/2018,Critical,11,0.25,Regular Air,657.80,71.37,69,Sylvia Foulston,Nunavut,Nunavut,Home Office,Furniture,Tables,"Lesro Sheffield Collection Coffee Table, End Table, Center Table, Corner Table",Large Box,0.68,2/15/2018,30.69,109.80
177,2/13/2018,Critical,23,0.02,Regular Air,111.17,4.91,0.5,Thea Hendricks,Quebec,Quebec,Home Office,Office Supplies,Labels,Avery 493,Small Box,0.36,2/15/2018,2.46,8.77
178,2/13/2018,Critical,7,0.01,Express Air,495.32,70.97,3.5,Thea Hendricks,Newfoundland,Atlantic,Home Office,Office Supplies,Appliances,Tripp Lite Isotel 8 Ultra 8 Outlet Metal Surge,Small Box,0.59,2/14/2018,46.13,136.48
179,8/23/2018,Low,7,0.09,Regular Air,367.71,55.48,14.3,Ionia McGrath,New Brunswick,Atlantic,Home Office,Office Supplies,Paper,Xerox 194,Small Box,0.37,8/27/2018,36.06,99.07
180,11/19/2018,Medium,14,0.05,Regular Air,216.53,15.98,4,Guy Armstrong,Prince Edward Island,Atlantic,Corporate,Technology,Computer Peripherals,Logitech Access Keyboard,Small Box,0.37,11/20/2018,7.99,31.96
181,4/8/2015,Critical,27,0,Regular Air,124.33,4.42,4.99,Aaron Smayling,Quebec,Quebec,Small Business,Office Supplies,Envelopes,Grip Seal Envelopes,Small Box,0.38,4/9/2015,2.87,8.84
182,11/5/2017,Medium,35,0.08,Delivery Truck,3305.76,100.8,60,Karl Brown,Quebec,Quebec,Home Office,Furniture,Tables,"Barricks 18"" x 48"" Non-Folding Utility Table with Bottom Storage Shelf",Jumbo Drum,0.59,11/6/2017,43.34,201.60
183,4/25/2018,Not Specified,25,0.07,Regular Air,664.15,28.48,1.99,Sung Shariari,Saskachewan,Prarie,Corporate,Technology,Computer Peripherals,"Memorex 4.7GB DVD+RW, 3/Pack",Small Pack,0.4,4/26/2018,7.12,56.96
184,6/19/2015,Not Specified,3,0.1,Regular Air,45.68,14.42,6.75,Craig Carroll,Ontario,Ontario,Corporate,Office Supplies,Appliances,Holmes Odor Grabber,Medium Box,0.52,6/22/2015,9.37,28.84
185,4/18/2018,Not Specified,1,0.06,Regular Air,14.27,8.6,6.19,Lela Donovan,British Columbia,West,Corporate,Office Supplies,Binders and Binder Accessories,Avery Printable Repositionable Plastic Tabs,Small Box,0.38,4/18/2018,4.30,15.36
186,4/18/2018,Not Specified,11,0.03,Regular Air,9590.87,896.99,19.99,Lela Donovan,British Columbia,West,Corporate,Office Supplies,Binders and Binder Accessories,GBC DocuBind TL300 Electric Binding System,Small Box,0.38,4/20/2018,583.04,1601.77
187,4/18/2018,Not Specified,16,0.08,Regular Air,67.82,4.24,5.41,Lela Donovan,British Columbia,West,Corporate,Office Supplies,Binders and Binder Accessories,Storex DuraTech Recycled Plastic Frosted Binders,Small Box,0.35,4/20/2018,2.76,7.57
188,2/4/2016,Medium,48,0.08,Regular Air,238.73,5.28,5.57,Nicole Brennan,Alberta,West,Home Office,Office Supplies,Paper,Xerox 1981,Small Box,0.4,2/4/2016,3.43,10.15
189,1/25/2016,Critical,15,0.05,Regular Air,462.44,31.98,6.72,Tanja Norvell,Manitoba,Prarie,Consumer,Office Supplies,Storage & Organization,Fellowes Bankers Box™ Stor/Drawer® Steel Plus™,Small Box,0.75,1/25/2016,15.99,61.50
190,1/10/2016,Low,40,0.05,Regular Air,803.36,20.97,6.5,Harold Dahlen,Alberta,West,Corporate,Technology,Computer Peripherals,Microsoft Internet Keyboard,Small Box,0.78,1/10/2016,10.49,41.94
191,2/26/2018,Not Specified,26,0,Regular Air,828.27,31.78,1.99,Emily Grady,British Columbia,West,Home Office,Technology,Computer Peripherals,"Memorex 4.7GB DVD-RAM, 3/Pack",Small Pack,0.42,2/28/2018,7.95,63.56
192,2/26/2018,Not Specified,10,0.01,Regular Air,28.86,2.78,1.34,Emily Grady,British Columbia,West,Home Office,Office Supplies,Pens & Art Supplies,Prang Drawing Pencil Set,Wrap Bag,0.45,2/28/2018,1.81,4.96
193,5/31/2018,Critical,27,0,Delivery Truck,3591.20,130.98,54.74,Sally Matthias,Nova Scotia,Atlantic,Corporate,Furniture,Bookcases,"O'Sullivan Elevations Bookcase, Cherry Finish",Jumbo Box,0.69,5/31/2018,65.49,218.30
194,5/31/2018,Critical,8,0.05,Delivery Truck,1732.14,218.75,69.64,Sally Matthias,Nova Scotia,Atlantic,Corporate,Furniture,Tables,BoxOffice By Design Rectangular and Half-Moon Meeting Room Tables,Jumbo Box,0.77,6/1/2018,94.06,336.54
195,5/12/2016,Not Specified,46,0.05,Regular Air,232.11,5.18,5.74,Lena Creighton,Ontario,Ontario,Home Office,Office Supplies,Binders and Binder Accessories,Wilson Jones Impact Binders,Small Box,0.36,5/13/2016,3.37,9.96
196,5/12/2016,Not Specified,14,0.06,Regular Air,1134.93,85.99,3.3,Lena Creighton,Ontario,Ontario,Home Office,Technology,Telephones and Communication,Accessory20,Small Pack,0.37,5/14/2016,43.00,171.98
197,7/4/2015,High,39,0.06,Regular Air,3870.05,105.29,10.12,Mitch Willingham,Saskachewan,Prarie,Corporate,Furniture,Office Furnishings,Eldon Antistatic Chair Mats for Low to Medium Pile Carpets,Large Box,0.79,7/6/2015,45.27,140.39
198,9/12/2015,Critical,34,0,Regular Air,793.48,22.84,16.92,Sally Matthias,Nova Scotia,Atlantic,Home Office,Office Supplies,Paper,Xerox 1973,Small Box,0.39,9/14/2015,14.85,45.68
199,5/12/2015,Medium,4,0,Regular Air,41.47,9.27,4.39,Justin Knight,British Columbia,West,Corporate,Office Supplies,Paper,"Wirebound Message Books, Four 2 3/4"" x 5"" Forms per Page, 600 Sets per Book",Wrap Bag,0.38,5/14/2015,6.03,18.54
200,5/17/2017,High,44,0.06,Regular Air,489.54,11.7,5.63,Janet Lee,Saskachewan,Prarie,Consumer,Office Supplies,Binders and Binder Accessories,Fellowes Binding Cases,Small Box,0.4,5/19/2017,7.61,21.67
201,5/17/2017,High,40,0.08,Regular Air,190.70,4.98,7.44,Janet Lee,Saskachewan,Prarie,Consumer,Office Supplies,Paper,Xerox 1922,Small Box,0.36,5/18/2017,3.24,8.89
202,5/17/2017,High,29,0.06,Regular Air,149.50,5.28,5.57,Janet Lee,Saskachewan,Prarie,Consumer,Office Supplies,Paper,Xerox 1981,Small Box,0.4,5/19/2017,3.43,10.15
203,4/15/2018,Low,15,0.06,Regular Air,935.72,65.99,5.26,Jim Radford,Nunavut,Nunavut,Corporate,Technology,Telephones and Communication,g520,Small Box,0.59,4/22/2018,33.00,131.98
204,4/15/2018,Low,18,0.01,Regular Air,2788.73,155.99,8.99,Jim Radford,Nunavut,Nunavut,Corporate,Technology,Telephones and Communication,LX 788,Small Box,0.58,4/19/2018,78.00,311.98
205,10/27/2018,Low,24,0.08,Delivery Truck,2265.48,100.98,35.84,Ritsa Hightower,Ontario,Ontario,Corporate,Furniture,Bookcases,"Bush Westfield Collection Bookcases, Fully Assembled",Jumbo Box,0.62,10/31/2018,43.42,155.35
206,6/17/2018,High,48,0.09,Delivery Truck,4437.03,100.98,26.22,Theone Pippenger,Nova Scotia,Atlantic,Corporate,Furniture,Bookcases,Hon 4-Shelf Metal Bookcases,Jumbo Box,0.6,6/19/2018,43.42,155.35
207,8/15/2016,Low,5,0.06,Regular Air,101.15,20.99,2.5,Corey Catlett,Newfoundland,Atlantic,Home Office,Technology,Telephones and Communication,Accessory37,Wrap Bag,0.81,8/19/2016,10.50,41.98
208,8/15/2016,Low,39,0.06,Regular Air,151.17,3.98,5.26,Corey Catlett,Newfoundland,Atlantic,Home Office,Office Supplies,Binders and Binder Accessories,Ibico Presentation Index for Binding Systems,Small Box,0.38,8/22/2016,2.59,7.65
209,8/15/2016,Low,31,0.02,Delivery Truck,6778.03,220.98,64.66,Corey Catlett,Newfoundland,Atlantic,Home Office,Furniture,Bookcases,"Bush Cubix Collection Bookcases, Fully Assembled",Jumbo Box,0.62,8/22/2016,95.02,368.30
210,4/25/2016,High,43,0.07,Regular Air,16642.41,415.88,11.37,Frank Merwin,Alberta,West,Consumer,Office Supplies,Storage & Organization,Deluxe Rollaway Locking File with Drawer,Small Box,0.57,4/26/2016,270.32,799.77
211,12/20/2015,High,39,0.09,Delivery Truck,5748.20,160.98,35.02,Ed Jacobs,Newfoundland,Atlantic,Small Business,Furniture,Bookcases,Rush Hierlooms Collection Rich Wood Bookcases,Jumbo Box,0.72,12/21/2015,69.22,214.64
212,12/20/2015,High,47,0.09,Regular Air,7532.08,175.99,4.99,Ed Jacobs,Yukon,Yukon,Small Business,Technology,Telephones and Communication,5165,Small Box,0.59,12/22/2015,88.00,351.98
213,3/11/2016,Not Specified,13,0.1,Express Air,43.67,3.69,0.5,Carlos Soltero,Nunavut,Nunavut,Consumer,Office Supplies,Labels,Avery 52,Small Box,0.38,3/13/2016,2.21,7.10
214,3/11/2016,Not Specified,21,0.05,Regular Air,94.66,4.71,0.7,Carlos Soltero,Nunavut,Nunavut,Consumer,Office Supplies,Rubber Bands,Plymouth Boxed Rubber Bands by Plymouth,Wrap Bag,0.8,3/13/2016,3.06,9.06
215,8/14/2017,Critical,44,0.07,Delivery Truck,4358.29,105.49,41.64,Carol Darley,British Columbia,West,Small Business,Furniture,Tables,Balt Solid Wood Rectangular Table,Jumbo Box,0.75,8/14/2017,52.75,210.98
216,8/8/2017,Low,41,0.01,Regular Air,726.22,17.67,8.99,Stefanie Holloman,Manitoba,Prarie,Small Business,Furniture,Office Furnishings,"Executive Impressions 12"" Wall Clock",Small Pack,0.47,8/10/2017,7.60,35.34
217,12/5/2015,Medium,32,0.06,Express Air,21080.19,699.99,24.49,Noel Staavos,Nova Scotia,Atlantic,Home Office,Technology,Copiers and Fax,Canon PC1060 Personal Laser Copier,Large Box,0.41,12/7/2015,350.00,1399.98
218,12/5/2015,Medium,25,0.04,Delivery Truck,1374.84,1360.14,14.7,Kyle Rands,Ontario,Ontario,Home Office,Technology,Office Machines,Okidata ML395C Color Dot Matrix Printer,Jumbo Drum,0.59,12/8/2015,680.07,2720.28
219,12/5/2015,Medium,2,0.02,Regular Air,21.44,6.48,8.74,Noel Staavos,Newfoundland,Atlantic,Home Office,Office Supplies,Paper,Xerox 1984,Small Box,0.36,12/7/2015,4.21,12.46
220,12/5/2015,Medium,24,0.02,Regular Air,408.33,17.15,4.96,Noel Staavos,Quebec,Quebec,Home Office,Office Supplies,Storage & Organization,Advantus Rolling Storage Box,Small Box,0.58,12/7/2015,11.15,34.30
221,12/5/2015,Medium,25,0.07,Regular Air,729.03,30.98,8.74,Noel Staavos,Ontario,Ontario,Home Office,Office Supplies,Paper,Xerox 1979,Small Box,0.4,12/6/2015,20.14,61.96
222,1/8/2017,Medium,3,0,Regular Air,1282.93,420.98,19.99,Shahid Shariari,British Columbia,West,Corporate,Office Supplies,Binders and Binder Accessories,GBC DocuBind 200 Manual Binding Machine,Small Box,0.35,1/11/2017,273.64,779.59
223,1/8/2017,Medium,30,0.08,Regular Air,336.18,11.97,5.81,Shahid Shariari,British Columbia,West,Corporate,Office Supplies,Pens & Art Supplies,Staples SlimLine Pencil Sharpener,Small Pack,0.6,1/10/2017,7.78,22.17
224,10/14/2018,High,40,0.07,Regular Air,2463.82,65.99,8.99,Barry Gonzalez,Quebec,Quebec,Consumer,Technology,Telephones and Communication,SC-3160,Small Box,0.59,10/17/2018,33.00,131.98
225,8/27/2018,Medium,31,0.08,Regular Air,287.48,10.01,1.99,Maribeth Schnelling,New Brunswick,Atlantic,Corporate,Technology,Computer Peripherals,TDK 4.7GB DVD-R,Small Pack,0.41,8/28/2018,5.01,20.02
226,10/12/2016,Medium,29,0.09,Regular Air,4027.95,152.48,4,Harold Ryan,Ontario,Ontario,Home Office,Technology,Computer Peripherals,Adesso Programmable 142-Key Keyboard,Small Box,0.79,10/14/2016,76.24,304.96
227,2/13/2018,Not Specified,5,0.07,Regular Air,16.09,2.16,6.05,Grant Thornton,Quebec,Quebec,Corporate,Office Supplies,Binders and Binder Accessories,Peel & Stick Add-On Corner Pockets,Small Box,0.37,2/13/2018,1.40,3.86
228,6/16/2017,Not Specified,15,0,Regular Air,1444.75,95.99,4.9,Ted Trevino,Ontario,Ontario,Corporate,Technology,Telephones and Communication,T60,Small Box,0.56,6/17/2017,48.00,191.98
